{
    "model_type": "RandomForestClassifier",
    "accuracy": 0.838255115794633,
    "precision": 0.9715783664459161,
    "recall": 0.7431405656395104,
    "f1_score": 0.842143027983736,
    "roc_auc": 0.9099554302475729,
    "n_estimators": 100,
    "training_samples": 32640,
    "test_samples": 8161,
    "feature_names": [
        "last_minute_ratio",
        "engagement_intensity",
        "deadline_pressure",
        "login_consistency",
        "early_starter",
        "completion_rate",
        "activity_span"
    ],
    "trained_date": "2026-03-12 20:29:13"
}